path,category,prose_chars,below_threshold
tutorials/bayesian/bayes-factors.qmd,bayesian,3660,False
tutorials/bayesian/bayes-hypothesis-testing.qmd,bayesian,3717,False
tutorials/bayesian/bayes-theorem-for-parameters.qmd,bayesian,3564,False
tutorials/bayesian/bayesian-anova.qmd,bayesian,3635,False
tutorials/bayesian/bayesian-hierarchical-intro.qmd,bayesian,3872,False
tutorials/bayesian/bayesian-mediation.qmd,bayesian,4084,False
tutorials/bayesian/bayesian-meta-analysis.qmd,bayesian,3592,False
tutorials/bayesian/bayesian-mixed-models.qmd,bayesian,3907,False
tutorials/bayesian/beta-binomial-model.qmd,bayesian,3642,False
tutorials/bayesian/brms-basics.qmd,bayesian,3583,False
tutorials/bayesian/conjugate-priors.qmd,bayesian,4328,False
tutorials/bayesian/credible-intervals.qmd,bayesian,3346,False
tutorials/bayesian/divergences-pairs-plots.qmd,bayesian,3568,False
tutorials/bayesian/gamma-poisson-model.qmd,bayesian,3653,False
tutorials/bayesian/gibbs-sampling.qmd,bayesian,3726,False
tutorials/bayesian/hamiltonian-monte-carlo.qmd,bayesian,3688,False
tutorials/bayesian/hpd-interval.qmd,bayesian,3469,False
tutorials/bayesian/informative-priors.qmd,bayesian,4280,False
tutorials/bayesian/jeffreys-prior.qmd,bayesian,4251,False
tutorials/bayesian/linear-regression-bayes.qmd,bayesian,3570,False
tutorials/bayesian/logistic-regression-bayes.qmd,bayesian,3472,False
tutorials/bayesian/loo-cv.qmd,bayesian,3698,False
tutorials/bayesian/metropolis-hastings.qmd,bayesian,3687,False
tutorials/bayesian/normal-normal-model.qmd,bayesian,3635,False
tutorials/bayesian/posterior-mean-variance.qmd,bayesian,3897,False
tutorials/bayesian/posterior-predictive-checks.qmd,bayesian,3454,False
tutorials/bayesian/posterior-predictive-distribution.qmd,bayesian,3658,False
tutorials/bayesian/prior-specification.qmd,bayesian,4160,False
tutorials/bayesian/rhat-ess-diagnostics.qmd,bayesian,3426,False
tutorials/bayesian/rstanarm.qmd,bayesian,3292,False
tutorials/bayesian/savage-dickey-ratio.qmd,bayesian,3897,False
tutorials/bayesian/stan-introduction.qmd,bayesian,3603,False
tutorials/bayesian/tidybayes-workflow.qmd,bayesian,3209,False
tutorials/bayesian/waic.qmd,bayesian,3665,False
tutorials/bayesian/weakly-informative-priors.qmd,bayesian,3895,False
tutorials/bioinformatics/annotation-variant-vep.qmd,bioinformatics,1844,False
tutorials/bioinformatics/atac-seq-analysis.qmd,bioinformatics,3652,False
tutorials/bioinformatics/batch-correction-combat.qmd,bioinformatics,3463,False
tutorials/bioinformatics/biomart-annotation.qmd,bioinformatics,3216,False
tutorials/bioinformatics/bulk-rnaseq-differential-expression.qmd,bioinformatics,4306,False
tutorials/bioinformatics/bwa-bowtie-alignment.qmd,bioinformatics,3386,False
tutorials/bioinformatics/chip-seq-analysis.qmd,bioinformatics,3666,False
tutorials/bioinformatics/cnv-analysis.qmd,bioinformatics,1935,False
tutorials/bioinformatics/counting-reads-feature-counts.qmd,bioinformatics,3342,False
tutorials/bioinformatics/drug-target-interaction.qmd,bioinformatics,2521,False
tutorials/bioinformatics/edger-differential-expression.qmd,bioinformatics,3438,False
tutorials/bioinformatics/fastq-quality-control.qmd,bioinformatics,3343,False
tutorials/bioinformatics/gene-ontology-enrichment.qmd,bioinformatics,3343,False
tutorials/bioinformatics/gsea-preranked.qmd,bioinformatics,1871,False
tutorials/bioinformatics/gsva-single-sample.qmd,bioinformatics,3388,False
tutorials/bioinformatics/heatmaps-rnaseq.qmd,bioinformatics,3610,False
tutorials/bioinformatics/limma-voom.qmd,bioinformatics,3506,False
tutorials/bioinformatics/ma-plots.qmd,bioinformatics,3444,False
tutorials/bioinformatics/metagenomic-profiling.qmd,bioinformatics,2151,False
tutorials/bioinformatics/methylation-analysis.qmd,bioinformatics,3835,False
tutorials/bioinformatics/microbiome-dada2.qmd,bioinformatics,3558,False
tutorials/bioinformatics/microbiome-diversity.qmd,bioinformatics,1956,False
tutorials/bioinformatics/msa-biostrings.qmd,bioinformatics,1848,False
tutorials/bioinformatics/multiomics-integration.qmd,bioinformatics,1850,False
tutorials/bioinformatics/pathway-enrichment-kegg.qmd,bioinformatics,3830,False
tutorials/bioinformatics/pca-of-rnaseq.qmd,bioinformatics,3559,False
tutorials/bioinformatics/phylogenetic-trees-ape.qmd,bioinformatics,1874,False
tutorials/bioinformatics/population-genetics-basics.qmd,bioinformatics,1973,False
tutorials/bioinformatics/protein-structure-prediction.qmd,bioinformatics,2030,False
tutorials/bioinformatics/proteomics-msstats.qmd,bioinformatics,1841,False
tutorials/bioinformatics/read-trimming-adapters.qmd,bioinformatics,3249,False
tutorials/bioinformatics/rnaseq-normalization.qmd,bioinformatics,3814,False
tutorials/bioinformatics/salmon-kallisto-pseudoalignment.qmd,bioinformatics,3634,False
tutorials/bioinformatics/scrna-cell-type-annotation.qmd,bioinformatics,3724,False
tutorials/bioinformatics/scrna-clustering.qmd,bioinformatics,3571,False
tutorials/bioinformatics/scrna-integration-harmony.qmd,bioinformatics,1933,False
tutorials/bioinformatics/scrna-marker-genes.qmd,bioinformatics,3655,False
tutorials/bioinformatics/scrna-normalization.qmd,bioinformatics,3330,False
tutorials/bioinformatics/scrna-qc-filtering.qmd,bioinformatics,3837,False
tutorials/bioinformatics/scrna-trajectory-analysis.qmd,bioinformatics,3755,False
tutorials/bioinformatics/sequence-alignment-overview.qmd,bioinformatics,3598,False
tutorials/bioinformatics/single-cell-seurat-intro.qmd,bioinformatics,3653,False
tutorials/bioinformatics/spatial-transcriptomics.qmd,bioinformatics,1918,False
tutorials/bioinformatics/star-spliced-alignment.qmd,bioinformatics,3501,False
tutorials/bioinformatics/structural-variant-detection.qmd,bioinformatics,2014,False
tutorials/bioinformatics/surrogate-variable-analysis-sva.qmd,bioinformatics,1932,False
tutorials/bioinformatics/tx-to-gene-summarization.qmd,bioinformatics,3257,False
tutorials/bioinformatics/variant-calling-gatk.qmd,bioinformatics,1999,False
tutorials/bioinformatics/vcf-manipulation.qmd,bioinformatics,3291,False
tutorials/bioinformatics/volcano-plots.qmd,bioinformatics,3596,False
tutorials/clinical-biostatistics/adaptive-design.qmd,clinical-biostatistics,1935,False
tutorials/clinical-biostatistics/alpha-spending.qmd,clinical-biostatistics,1852,False
tutorials/clinical-biostatistics/baseline-adjustment-ancova.qmd,clinical-biostatistics,2037,False
tutorials/clinical-biostatistics/bland-altman-analysis.qmd,clinical-biostatistics,1874,False
tutorials/clinical-biostatistics/blinding-procedures.qmd,clinical-biostatistics,1846,False
tutorials/clinical-biostatistics/block-randomization.qmd,clinical-biostatistics,4892,False
tutorials/clinical-biostatistics/cluster-rct.qmd,clinical-biostatistics,2504,False
tutorials/clinical-biostatistics/cohens-kappa.qmd,clinical-biostatistics,4617,False
tutorials/clinical-biostatistics/conditional-power.qmd,clinical-biostatistics,2514,False
tutorials/clinical-biostatistics/cutpoint-selection.qmd,clinical-biostatistics,1833,False
tutorials/clinical-biostatistics/diagnostic-accuracy.qmd,clinical-biostatistics,4479,False
tutorials/clinical-biostatistics/equivalence-clinical.qmd,clinical-biostatistics,4979,False
tutorials/clinical-biostatistics/factorial-trial.qmd,clinical-biostatistics,1842,False
tutorials/clinical-biostatistics/forest-plot-subgroup.qmd,clinical-biostatistics,4805,False
tutorials/clinical-biostatistics/icc-continuous-agreement.qmd,clinical-biostatistics,1813,False
tutorials/clinical-biostatistics/interim-analysis-group-sequential.qmd,clinical-biostatistics,1966,False
tutorials/clinical-biostatistics/itt-vs-pp-analysis.qmd,clinical-biostatistics,1955,False
tutorials/clinical-biostatistics/likelihood-ratios.qmd,clinical-biostatistics,4818,False
tutorials/clinical-biostatistics/minimization-algorithm.qmd,clinical-biostatistics,4801,False
tutorials/clinical-biostatistics/missing-data-rct.qmd,clinical-biostatistics,1990,False
tutorials/clinical-biostatistics/multiple-imputation.qmd,clinical-biostatistics,2035,False
tutorials/clinical-biostatistics/non-inferiority-margin.qmd,clinical-biostatistics,2141,False
tutorials/clinical-biostatistics/obrien-fleming-boundary.qmd,clinical-biostatistics,4923,False
tutorials/clinical-biostatistics/pocock-boundary.qmd,clinical-biostatistics,4781,False
tutorials/clinical-biostatistics/predictive-values-prevalence.qmd,clinical-biostatistics,1948,False
tutorials/clinical-biostatistics/randomization-methods.qmd,clinical-biostatistics,1972,False
tutorials/clinical-biostatistics/rct-design-crossover.qmd,clinical-biostatistics,4954,False
tutorials/clinical-biostatistics/rct-design-parallel.qmd,clinical-biostatistics,1948,False
tutorials/clinical-biostatistics/reliability-cronbach-alpha.qmd,clinical-biostatistics,4742,False
tutorials/clinical-biostatistics/roc-analysis.qmd,clinical-biostatistics,4860,False
tutorials/clinical-biostatistics/sample-size-reestimation.qmd,clinical-biostatistics,4978,False
tutorials/clinical-biostatistics/sensitivity-analysis-clinical.qmd,clinical-biostatistics,1885,False
tutorials/clinical-biostatistics/stepped-wedge-trial.qmd,clinical-biostatistics,4963,False
tutorials/clinical-biostatistics/stratified-randomization.qmd,clinical-biostatistics,4862,False
tutorials/clinical-biostatistics/subgroup-analysis.qmd,clinical-biostatistics,5055,False
tutorials/clinical-biostatistics/weighted-kappa.qmd,clinical-biostatistics,1844,False
tutorials/descriptive-statistics/coefficient-of-variation.qmd,descriptive-statistics,2336,False
tutorials/descriptive-statistics/contingency-tables.qmd,descriptive-statistics,2099,False
tutorials/descriptive-statistics/cross-tabulations.qmd,descriptive-statistics,2006,False
tutorials/descriptive-statistics/descriptive-vs-inferential.qmd,descriptive-statistics,3071,False
tutorials/descriptive-statistics/five-number-summary.qmd,descriptive-statistics,2256,False
tutorials/descriptive-statistics/frequency-tables.qmd,descriptive-statistics,2045,False
tutorials/descriptive-statistics/geometric-mean.qmd,descriptive-statistics,2267,False
tutorials/descriptive-statistics/harmonic-mean.qmd,descriptive-statistics,2167,False
tutorials/descriptive-statistics/interquartile-range.qmd,descriptive-statistics,2187,False
tutorials/descriptive-statistics/kurtosis.qmd,descriptive-statistics,2517,False
tutorials/descriptive-statistics/mean-absolute-deviation.qmd,descriptive-statistics,2126,False
tutorials/descriptive-statistics/measures-of-dispersion.qmd,descriptive-statistics,3657,False
tutorials/descriptive-statistics/measures-of-location.qmd,descriptive-statistics,4079,False
tutorials/descriptive-statistics/measures-of-shape.qmd,descriptive-statistics,2910,False
tutorials/descriptive-statistics/outlier-detection-rules.qmd,descriptive-statistics,2429,False
tutorials/descriptive-statistics/percentile-rank.qmd,descriptive-statistics,2022,False
tutorials/descriptive-statistics/quantiles-and-percentiles.qmd,descriptive-statistics,2456,False
tutorials/descriptive-statistics/robust-statistics-overview.qmd,descriptive-statistics,2842,False
tutorials/descriptive-statistics/skewness.qmd,descriptive-statistics,2070,False
tutorials/descriptive-statistics/standardisation-zscore.qmd,descriptive-statistics,2203,False
tutorials/descriptive-statistics/stem-and-leaf-plots.qmd,descriptive-statistics,1819,False
tutorials/descriptive-statistics/summary-by-group.qmd,descriptive-statistics,1814,False
tutorials/descriptive-statistics/trimmed-winsorized-mean.qmd,descriptive-statistics,2517,False
tutorials/descriptive-statistics/variance-and-sd.qmd,descriptive-statistics,2501,False
tutorials/descriptive-statistics/weighted-mean.qmd,descriptive-statistics,2241,False
tutorials/experimental-design/balanced-incomplete-block.qmd,experimental-design,4890,False
tutorials/experimental-design/blocking-principles.qmd,experimental-design,4621,False
tutorials/experimental-design/box-behnken-design.qmd,experimental-design,4579,False
tutorials/experimental-design/central-composite-design.qmd,experimental-design,4604,False
tutorials/experimental-design/completely-randomized-design.qmd,experimental-design,4717,False
tutorials/experimental-design/constrained-mixture.qmd,experimental-design,4675,False
tutorials/experimental-design/crossover-designs.qmd,experimental-design,4769,False
tutorials/experimental-design/desirability-function.qmd,experimental-design,5054,False
tutorials/experimental-design/factorial-2k.qmd,experimental-design,4958,False
tutorials/experimental-design/factorial-3k.qmd,experimental-design,4375,False
tutorials/experimental-design/fractional-factorial-design.qmd,experimental-design,4853,False
tutorials/experimental-design/graeco-latin-square.qmd,experimental-design,4397,False
tutorials/experimental-design/latin-square.qmd,experimental-design,4316,False
tutorials/experimental-design/mixture-centroid.qmd,experimental-design,4461,False
tutorials/experimental-design/mixture-designs-simplex.qmd,experimental-design,4690,False
tutorials/experimental-design/optimal-design-d-a-i.qmd,experimental-design,1818,False
tutorials/experimental-design/orthogonal-arrays.qmd,experimental-design,4446,False
tutorials/experimental-design/plackett-burman.qmd,experimental-design,4773,False
tutorials/experimental-design/power-in-doe.qmd,experimental-design,4706,False
tutorials/experimental-design/randomised-complete-block.qmd,experimental-design,3998,False
tutorials/experimental-design/randomization-in-design.qmd,experimental-design,1831,False
tutorials/experimental-design/repeated-measures-design.qmd,experimental-design,4800,False
tutorials/experimental-design/resolution-aliasing.qmd,experimental-design,4945,False
tutorials/experimental-design/response-surface-methodology.qmd,experimental-design,4919,False
tutorials/experimental-design/robust-parameter-design.qmd,experimental-design,1837,False
tutorials/experimental-design/signal-to-noise-ratio.qmd,experimental-design,1883,False
tutorials/experimental-design/split-plot-design.qmd,experimental-design,4804,False
tutorials/experimental-design/steepest-ascent.qmd,experimental-design,4694,False
tutorials/experimental-design/strip-plot-design.qmd,experimental-design,4672,False
tutorials/experimental-design/taguchi-methods.qmd,experimental-design,1923,False
tutorials/inference/anderson-darling-test.qmd,inference,2048,False
tutorials/inference/bartlett-test.qmd,inference,1829,False
tutorials/inference/benjamini-hochberg-fdr.qmd,inference,2318,False
tutorials/inference/benjamini-yekutieli.qmd,inference,2251,False
tutorials/inference/bonferroni-correction.qmd,inference,2083,False
tutorials/inference/bootstrap-confidence-intervals.qmd,inference,2060,False
tutorials/inference/bootstrap-introduction.qmd,inference,2167,False
tutorials/inference/chi-squared-goodness-of-fit.qmd,inference,2229,False
tutorials/inference/chi-squared-independence.qmd,inference,1876,False
tutorials/inference/cochran-mantel-haenszel.qmd,inference,2173,False
tutorials/inference/effect-sizes-overview.qmd,inference,2468,False
tutorials/inference/equivalence-tost.qmd,inference,2194,False
tutorials/inference/fisher-exact-test.qmd,inference,2007,False
tutorials/inference/friedman-test.qmd,inference,4679,False
tutorials/inference/holm-correction.qmd,inference,2083,False
tutorials/inference/jackknife.qmd,inference,2013,False
tutorials/inference/kendall-tau.qmd,inference,1914,False
tutorials/inference/kolmogorov-smirnov-test.qmd,inference,4685,False
tutorials/inference/kruskal-wallis.qmd,inference,1900,False
tutorials/inference/levene-test.qmd,inference,4956,False
tutorials/inference/mann-whitney-u.qmd,inference,2080,False
tutorials/inference/mcnemar-test.qmd,inference,2071,False
tutorials/inference/mixed-anova.qmd,inference,2317,False
tutorials/inference/multiple-comparisons-overview.qmd,inference,2248,False
tutorials/inference/null-alternative-hypotheses.qmd,inference,2680,False
tutorials/inference/one-proportion-test.qmd,inference,2147,False
tutorials/inference/one-sample-t-test.qmd,inference,2056,False
tutorials/inference/one-sample-z-test.qmd,inference,2185,False
tutorials/inference/one-way-anova.qmd,inference,2009,False
tutorials/inference/p-values-explained.qmd,inference,2786,False
tutorials/inference/paired-t-test.qmd,inference,1982,False
tutorials/inference/pearson-correlation-test.qmd,inference,1840,False
tutorials/inference/permutation-tests.qmd,inference,2098,False
tutorials/inference/post-hoc-tests-tukey.qmd,inference,2239,False
tutorials/inference/repeated-measures-anova.qmd,inference,2365,False
tutorials/inference/runs-test.qmd,inference,4937,False
tutorials/inference/shapiro-wilk-test.qmd,inference,4839,False
tutorials/inference/sign-test.qmd,inference,1927,False
tutorials/inference/spearman-correlation-test.qmd,inference,1841,False
tutorials/inference/two-proportion-test.qmd,inference,2345,False
tutorials/inference/two-sample-t-test.qmd,inference,3393,False
tutorials/inference/two-way-anova.qmd,inference,2106,False
tutorials/inference/type-i-type-ii-errors.qmd,inference,2390,False
tutorials/inference/welch-t-test.qmd,inference,2068,False
tutorials/inference/wilcoxon-signed-rank.qmd,inference,4630,False
tutorials/machine-learning/anomaly-detection.qmd,machine-learning,1820,False
tutorials/machine-learning/bagging.qmd,machine-learning,3286,False
tutorials/machine-learning/bias-variance-tradeoff.qmd,machine-learning,1859,False
tutorials/machine-learning/calibration-plots.qmd,machine-learning,1938,False
tutorials/machine-learning/catboost.qmd,machine-learning,1884,False
tutorials/machine-learning/class-weights-imbalanced.qmd,machine-learning,3435,False
tutorials/machine-learning/clustering-dbscan-ml.qmd,machine-learning,2491,False
tutorials/machine-learning/clustering-kmeans-ml.qmd,machine-learning,3498,False
tutorials/machine-learning/cnn-introduction.qmd,machine-learning,1899,False
tutorials/machine-learning/cross-validation.qmd,machine-learning,4488,False
tutorials/machine-learning/decision-trees-cart.qmd,machine-learning,3434,False
tutorials/machine-learning/dropout-early-stopping.qmd,machine-learning,1927,False
tutorials/machine-learning/extremely-randomized-trees.qmd,machine-learning,3305,False
tutorials/machine-learning/feature-engineering.qmd,machine-learning,1893,False
tutorials/machine-learning/feature-selection.qmd,machine-learning,4166,False
tutorials/machine-learning/feedforward-networks-torch.qmd,machine-learning,3324,False
tutorials/machine-learning/gradient-boosting.qmd,machine-learning,3454,False
tutorials/machine-learning/isolation-forest.qmd,machine-learning,3302,False
tutorials/machine-learning/isotonic-regression.qmd,machine-learning,3466,False
tutorials/machine-learning/knn-classification.qmd,machine-learning,3639,False
tutorials/machine-learning/knn-regression.qmd,machine-learning,3376,False
tutorials/machine-learning/lightgbm.qmd,machine-learning,3350,False
tutorials/machine-learning/lime-explanations.qmd,machine-learning,1908,False
tutorials/machine-learning/linear-discriminant-ml.qmd,machine-learning,3843,False
tutorials/machine-learning/logistic-regression-ml.qmd,machine-learning,3188,False
tutorials/machine-learning/mlr3-workflow.qmd,machine-learning,3204,False
tutorials/machine-learning/naive-bayes.qmd,machine-learning,3523,False
tutorials/machine-learning/nested-cv.qmd,machine-learning,3422,False
tutorials/machine-learning/neural-networks-intro.qmd,machine-learning,3723,False
tutorials/machine-learning/partial-dependence-plots.qmd,machine-learning,3730,False
tutorials/machine-learning/platt-scaling.qmd,machine-learning,3243,False
tutorials/machine-learning/random-forest.qmd,machine-learning,3502,False
tutorials/machine-learning/recipes-preprocessing.qmd,machine-learning,3370,False
tutorials/machine-learning/regularization-ridge-lasso-ml.qmd,machine-learning,1843,False
tutorials/machine-learning/rnn-lstm-intro.qmd,machine-learning,1896,False
tutorials/machine-learning/shap-values.qmd,machine-learning,1896,False
tutorials/machine-learning/smote-imbalanced.qmd,machine-learning,1827,False
tutorials/machine-learning/stacking-ensembles.qmd,machine-learning,3488,False
tutorials/machine-learning/supervised-learning-overview.qmd,machine-learning,2063,False
tutorials/machine-learning/svm-kernel.qmd,machine-learning,3515,False
tutorials/machine-learning/svm-linear.qmd,machine-learning,3355,False
tutorials/machine-learning/tidymodels-workflow.qmd,machine-learning,3362,False
tutorials/machine-learning/train-test-split.qmd,machine-learning,3503,False
tutorials/machine-learning/transformer-overview.qmd,machine-learning,2070,False
tutorials/machine-learning/variable-importance.qmd,machine-learning,2581,False
tutorials/machine-learning/xgboost.qmd,machine-learning,3190,False
tutorials/meta-analysis/bivariate-sroc.qmd,meta-analysis,1866,False
tutorials/meta-analysis/correlation-pooling.qmd,meta-analysis,3348,False
tutorials/meta-analysis/cumulative-meta-analysis.qmd,meta-analysis,4437,False
tutorials/meta-analysis/diagnostic-test-meta.qmd,meta-analysis,4616,False
tutorials/meta-analysis/effect-size-conversion.qmd,meta-analysis,4782,False
tutorials/meta-analysis/egger-test.qmd,meta-analysis,4647,False
tutorials/meta-analysis/fixed-vs-random-effects.qmd,meta-analysis,4196,False
tutorials/meta-analysis/forest-plot-meta.qmd,meta-analysis,4323,False
tutorials/meta-analysis/funnel-plot-meta.qmd,meta-analysis,4621,False
tutorials/meta-analysis/heterogeneity-q-i2.qmd,meta-analysis,4517,False
tutorials/meta-analysis/ipd-meta-analysis.qmd,meta-analysis,1813,False
tutorials/meta-analysis/leave-one-out.qmd,meta-analysis,3220,False
tutorials/meta-analysis/log-odds-ratio-pooling.qmd,meta-analysis,4250,False
tutorials/meta-analysis/meta-regression.qmd,meta-analysis,4175,False
tutorials/meta-analysis/network-meta-analysis-intro.qmd,meta-analysis,1810,False
tutorials/meta-analysis/nma-consistency.qmd,meta-analysis,4472,False
tutorials/meta-analysis/nma-league-tables.qmd,meta-analysis,4083,False
tutorials/meta-analysis/nma-sucra.qmd,meta-analysis,4301,False
tutorials/meta-analysis/prediction-interval-meta.qmd,meta-analysis,4442,False
tutorials/meta-analysis/risk-ratio-pooling.qmd,meta-analysis,3334,False
tutorials/meta-analysis/selection-models-bias.qmd,meta-analysis,4466,False
tutorials/meta-analysis/smd-hedges-g.qmd,meta-analysis,2994,False
tutorials/meta-analysis/subgroup-meta-analysis.qmd,meta-analysis,4499,False
tutorials/meta-analysis/tau-squared-estimation.qmd,meta-analysis,1950,False
tutorials/meta-analysis/trim-and-fill.qmd,meta-analysis,4531,False
tutorials/multivariate/bray-curtis.qmd,multivariate,3264,False
tutorials/multivariate/canonical-correlation.qmd,multivariate,3564,False
tutorials/multivariate/cluster-validation-silhouette.qmd,multivariate,3582,False
tutorials/multivariate/correspondence-analysis.qmd,multivariate,3927,False
tutorials/multivariate/dbscan-clustering.qmd,multivariate,3755,False
tutorials/multivariate/distance-measures.qmd,multivariate,3989,False
tutorials/multivariate/elbow-method.qmd,multivariate,3278,False
tutorials/multivariate/factor-analysis-confirmatory.qmd,multivariate,3833,False
tutorials/multivariate/factor-analysis-exploratory.qmd,multivariate,4055,False
tutorials/multivariate/factor-rotation.qmd,multivariate,3819,False
tutorials/multivariate/gap-statistic.qmd,multivariate,3528,False
tutorials/multivariate/gaussian-mixture-models.qmd,multivariate,3768,False
tutorials/multivariate/hierarchical-clustering.qmd,multivariate,3689,False
tutorials/multivariate/ica-independent-component-analysis.qmd,multivariate,3952,False
tutorials/multivariate/jaccard-dissimilarity.qmd,multivariate,3653,False
tutorials/multivariate/kernel-pca.qmd,multivariate,3814,False
tutorials/multivariate/kmeans-clustering.qmd,multivariate,3597,False
tutorials/multivariate/linear-discriminant-analysis.qmd,multivariate,3662,False
tutorials/multivariate/mahalanobis-distance.qmd,multivariate,3670,False
tutorials/multivariate/manova.qmd,multivariate,3545,False
tutorials/multivariate/mds-metric.qmd,multivariate,3621,False
tutorials/multivariate/mds-nonmetric.qmd,multivariate,3458,False
tutorials/multivariate/multiple-correspondence-analysis.qmd,multivariate,3559,False
tutorials/multivariate/pam-kmedoids.qmd,multivariate,3476,False
tutorials/multivariate/pls-da.qmd,multivariate,3673,False
tutorials/multivariate/pls-regression.qmd,multivariate,3519,False
tutorials/multivariate/principal-component-analysis.qmd,multivariate,4242,False
tutorials/multivariate/quadratic-discriminant-analysis.qmd,multivariate,3372,False
tutorials/multivariate/structural-equation-models.qmd,multivariate,3491,False
tutorials/multivariate/umap-tsne-overview.qmd,multivariate,3933,False
tutorials/probability/bayes-theorem.qmd,probability,2775,False
tutorials/probability/bernoulli-distribution.qmd,probability,2035,False
tutorials/probability/beta-distribution.qmd,probability,2317,False
tutorials/probability/binomial-distribution.qmd,probability,2354,False
tutorials/probability/chi-squared-distribution.qmd,probability,2379,False
tutorials/probability/conditional-distributions.qmd,probability,2534,False
tutorials/probability/conditional-probability.qmd,probability,2971,False
tutorials/probability/convolutions.qmd,probability,2931,False
tutorials/probability/copulas-introduction.qmd,probability,3079,False
tutorials/probability/correlation-coefficient.qmd,probability,2389,False
tutorials/probability/cumulative-distribution-function.qmd,probability,2322,False
tutorials/probability/discrete-vs-continuous.qmd,probability,2968,False
tutorials/probability/expectation.qmd,probability,2650,False
tutorials/probability/exponential-distribution.qmd,probability,2177,False
tutorials/probability/f-distribution.qmd,probability,2271,False
tutorials/probability/gamma-distribution.qmd,probability,2536,False
tutorials/probability/geometric-distribution.qmd,probability,2313,False
tutorials/probability/hazard-function.qmd,probability,2622,False
tutorials/probability/hypergeometric-distribution.qmd,probability,2563,False
tutorials/probability/independence.qmd,probability,2904,False
tutorials/probability/joint-distributions.qmd,probability,2694,False
tutorials/probability/kolmogorov-axioms.qmd,probability,3210,False
tutorials/probability/law-of-total-probability.qmd,probability,2443,False
tutorials/probability/lognormal-distribution.qmd,probability,2281,False
tutorials/probability/marginal-distributions.qmd,probability,2211,False
tutorials/probability/multinomial-distribution.qmd,probability,2281,False
tutorials/probability/multivariate-normal.qmd,probability,2797,False
tutorials/probability/negative-binomial-distribution.qmd,probability,2624,False
tutorials/probability/normal-distribution.qmd,probability,4066,False
tutorials/probability/poisson-distribution.qmd,probability,2286,False
tutorials/probability/probability-density-function.qmd,probability,2553,False
tutorials/probability/probability-mass-function.qmd,probability,1977,False
tutorials/probability/random-variables.qmd,probability,3051,False
tutorials/probability/sample-space-events.qmd,probability,2993,False
tutorials/probability/survival-function.qmd,probability,2215,False
tutorials/probability/t-distribution.qmd,probability,2135,False
tutorials/probability/transformations-of-rv.qmd,probability,2577,False
tutorials/probability/uniform-distribution.qmd,probability,2058,False
tutorials/probability/variance-covariance-of-rv.qmd,probability,2516,False
tutorials/probability/weibull-distribution.qmd,probability,2228,False
tutorials/regression-modelling/added-variable-plots.qmd,regression-modelling,3132,False
tutorials/regression-modelling/best-subset-selection.qmd,regression-modelling,3170,False
tutorials/regression-modelling/beta-regression.qmd,regression-modelling,3444,False
tutorials/regression-modelling/centered-scaled-predictors.qmd,regression-modelling,3658,False
tutorials/regression-modelling/contrasts-in-r.qmd,regression-modelling,3810,False
tutorials/regression-modelling/cooks-distance.qmd,regression-modelling,3300,False
tutorials/regression-modelling/dirichlet-regression.qmd,regression-modelling,3449,False
tutorials/regression-modelling/dummy-coding.qmd,regression-modelling,3359,False
tutorials/regression-modelling/effect-coding.qmd,regression-modelling,3574,False
tutorials/regression-modelling/elastic-net.qmd,regression-modelling,3554,False
tutorials/regression-modelling/gam-introduction.qmd,regression-modelling,3609,False
tutorials/regression-modelling/gamm-additive-mixed.qmd,regression-modelling,3363,False
tutorials/regression-modelling/generalized-estimating-equations.qmd,regression-modelling,3623,False
tutorials/regression-modelling/glmer-generalized-mixed.qmd,regression-modelling,3467,False
tutorials/regression-modelling/hurdle-models.qmd,regression-modelling,3328,False
tutorials/regression-modelling/interactions-in-regression.qmd,regression-modelling,4023,False
tutorials/regression-modelling/lasso-regression.qmd,regression-modelling,3492,False
tutorials/regression-modelling/leverage-influence.qmd,regression-modelling,3373,False
tutorials/regression-modelling/lme4-lmer-examples.qmd,regression-modelling,3753,False
tutorials/regression-modelling/logistic-regression-diagnostics.qmd,regression-modelling,3556,False
tutorials/regression-modelling/logistic-regression.qmd,regression-modelling,3202,False
tutorials/regression-modelling/mixed-models-intro.qmd,regression-modelling,1896,False
tutorials/regression-modelling/model-selection-aic-bic.qmd,regression-modelling,3608,False
tutorials/regression-modelling/multicollinearity-vif.qmd,regression-modelling,3581,False
tutorials/regression-modelling/multinomial-logistic.qmd,regression-modelling,3400,False
tutorials/regression-modelling/multiple-linear-regression.qmd,regression-modelling,1926,False
tutorials/regression-modelling/negative-binomial-regression.qmd,regression-modelling,3774,False
tutorials/regression-modelling/nested-crossed-random-effects.qmd,regression-modelling,3733,False
tutorials/regression-modelling/offsets-in-regression.qmd,regression-modelling,3637,False
tutorials/regression-modelling/ordinal-logistic.qmd,regression-modelling,3743,False
tutorials/regression-modelling/partial-correlation.qmd,regression-modelling,3508,False
tutorials/regression-modelling/poisson-regression.qmd,regression-modelling,3470,False
tutorials/regression-modelling/polynomial-regression.qmd,regression-modelling,3448,False
tutorials/regression-modelling/probit-regression.qmd,regression-modelling,3508,False
tutorials/regression-modelling/quantile-regression.qmd,regression-modelling,3400,False
tutorials/regression-modelling/quasi-poisson.qmd,regression-modelling,3300,False
tutorials/regression-modelling/r-squared-adjusted.qmd,regression-modelling,3213,False
tutorials/regression-modelling/random-intercepts.qmd,regression-modelling,3452,False
tutorials/regression-modelling/random-slopes.qmd,regression-modelling,3307,False
tutorials/regression-modelling/regression-assumptions.qmd,regression-modelling,3597,False
tutorials/regression-modelling/residual-diagnostics.qmd,regression-modelling,3773,False
tutorials/regression-modelling/ridge-regression.qmd,regression-modelling,3437,False
tutorials/regression-modelling/robust-regression.qmd,regression-modelling,3447,False
tutorials/regression-modelling/roc-auc-for-logistic.qmd,regression-modelling,3338,False
tutorials/regression-modelling/simple-linear-regression.qmd,regression-modelling,4078,False
tutorials/regression-modelling/spline-regression.qmd,regression-modelling,3381,False
tutorials/regression-modelling/stepwise-regression-pitfalls.qmd,regression-modelling,3745,False
tutorials/regression-modelling/survival-regression-cox.qmd,regression-modelling,3368,False
tutorials/regression-modelling/tobit-regression.qmd,regression-modelling,3659,False
tutorials/regression-modelling/truncated-regression.qmd,regression-modelling,3647,False
tutorials/regression-modelling/zero-inflated-models.qmd,regression-modelling,3578,False
tutorials/sample-size/effect-size-cohens-d.qmd,sample-size,1924,False
tutorials/sample-size/effect-size-cohens-h.qmd,sample-size,4687,False
tutorials/sample-size/effect-size-eta-squared.qmd,sample-size,4665,False
tutorials/sample-size/minimum-detectable-effect.qmd,sample-size,4672,False
tutorials/sample-size/post-hoc-power-controversy.qmd,sample-size,2290,False
tutorials/sample-size/power-agreement-kappa.qmd,sample-size,4582,False
tutorials/sample-size/power-analysis-introduction.qmd,sample-size,2536,False
tutorials/sample-size/power-anova.qmd,sample-size,4410,False
tutorials/sample-size/power-bland-altman.qmd,sample-size,4740,False
tutorials/sample-size/power-chi-squared.qmd,sample-size,4569,False
tutorials/sample-size/power-cluster-rct.qmd,sample-size,1825,False
tutorials/sample-size/power-correlation.qmd,sample-size,4709,False
tutorials/sample-size/power-cox-regression.qmd,sample-size,1920,False
tutorials/sample-size/power-crossover.qmd,sample-size,1908,False
tutorials/sample-size/power-diagnostic-accuracy.qmd,sample-size,1988,False
tutorials/sample-size/power-equivalence-tost.qmd,sample-size,4906,False
tutorials/sample-size/power-icc.qmd,sample-size,4641,False
tutorials/sample-size/power-linear-regression.qmd,sample-size,4599,False
tutorials/sample-size/power-logistic-regression.qmd,sample-size,1816,False
tutorials/sample-size/power-logrank-test.qmd,sample-size,4669,False
tutorials/sample-size/power-mcnemar.qmd,sample-size,2499,False
tutorials/sample-size/power-non-inferiority.qmd,sample-size,1854,False
tutorials/sample-size/power-one-proportion.qmd,sample-size,4603,False
tutorials/sample-size/power-one-sample-t.qmd,sample-size,4880,False
tutorials/sample-size/power-paired-t.qmd,sample-size,4963,False
tutorials/sample-size/power-repeated-measures.qmd,sample-size,4852,False
tutorials/sample-size/power-stepped-wedge.qmd,sample-size,2046,False
tutorials/sample-size/power-two-proportions.qmd,sample-size,4599,False
tutorials/sample-size/power-two-sample-t.qmd,sample-size,4011,False
tutorials/sample-size/sensitivity-analysis-sample-size.qmd,sample-size,2489,False
tutorials/statistical-foundations/bias-and-variance.qmd,statistical-foundations,3717,False
tutorials/statistical-foundations/big-op-little-op.qmd,statistical-foundations,3635,False
tutorials/statistical-foundations/cauchy-schwarz.qmd,statistical-foundations,3578,False
tutorials/statistical-foundations/central-limit-theorem.qmd,statistical-foundations,4126,False
tutorials/statistical-foundations/characteristic-functions.qmd,statistical-foundations,3399,False
tutorials/statistical-foundations/chebyshev-markov.qmd,statistical-foundations,3658,False
tutorials/statistical-foundations/confidence-intervals-introduction.qmd,statistical-foundations,3736,False
tutorials/statistical-foundations/convergence-in-distribution.qmd,statistical-foundations,3698,False
tutorials/statistical-foundations/convergence-in-probability.qmd,statistical-foundations,3541,False
tutorials/statistical-foundations/cramer-rao-lower-bound.qmd,statistical-foundations,3503,False
tutorials/statistical-foundations/delta-method.qmd,statistical-foundations,3898,False
tutorials/statistical-foundations/empirical-distribution-function.qmd,statistical-foundations,3181,False
tutorials/statistical-foundations/estimators-and-estimation.qmd,statistical-foundations,3480,False
tutorials/statistical-foundations/fisher-information.qmd,statistical-foundations,3989,False
tutorials/statistical-foundations/glivenko-cantelli.qmd,statistical-foundations,3535,False
tutorials/statistical-foundations/jensens-inequality.qmd,statistical-foundations,3531,False
tutorials/statistical-foundations/law-of-large-numbers.qmd,statistical-foundations,3549,False
tutorials/statistical-foundations/likelihood-ratio-tests.qmd,statistical-foundations,3576,False
tutorials/statistical-foundations/maximum-likelihood-estimation.qmd,statistical-foundations,3520,False
tutorials/statistical-foundations/method-of-moments.qmd,statistical-foundations,3542,False
tutorials/statistical-foundations/moments-and-mgfs.qmd,statistical-foundations,3404,False
tutorials/statistical-foundations/order-statistics.qmd,statistical-foundations,3500,False
tutorials/statistical-foundations/pivotal-quantities.qmd,statistical-foundations,3270,False
tutorials/statistical-foundations/population-vs-sample.qmd,statistical-foundations,3998,False
tutorials/statistical-foundations/sampling-distributions.qmd,statistical-foundations,3710,False
tutorials/statistical-foundations/sampling-methods.qmd,statistical-foundations,4058,False
tutorials/statistical-foundations/scales-of-measurement.qmd,statistical-foundations,3526,False
tutorials/statistical-foundations/slutsky-theorem.qmd,statistical-foundations,3565,False
tutorials/statistical-foundations/standard-error.qmd,statistical-foundations,3398,False
tutorials/statistical-foundations/sufficient-statistics.qmd,statistical-foundations,3985,False
tutorials/statistical-foundations/unbiasedness-consistency-efficiency.qmd,statistical-foundations,3729,False
tutorials/survival-analysis/accelerated-failure-time.qmd,survival-analysis,3890,False
tutorials/survival-analysis/brier-score-survival.qmd,survival-analysis,3634,False
tutorials/survival-analysis/censoring-types.qmd,survival-analysis,3781,False
tutorials/survival-analysis/competing-risks-cif.qmd,survival-analysis,3582,False
tutorials/survival-analysis/concordance-c-index.qmd,survival-analysis,3567,False
tutorials/survival-analysis/conditional-survival.qmd,survival-analysis,3456,False
tutorials/survival-analysis/cox-assumptions-check.qmd,survival-analysis,3942,False
tutorials/survival-analysis/cox-proportional-hazards.qmd,survival-analysis,3766,False
tutorials/survival-analysis/fine-gray-regression.qmd,survival-analysis,3684,False
tutorials/survival-analysis/flexible-parametric-royston-parmar.qmd,survival-analysis,3790,False
tutorials/survival-analysis/frailty-models.qmd,survival-analysis,3878,False
tutorials/survival-analysis/hazard-survival-cumulative.qmd,survival-analysis,3759,False
tutorials/survival-analysis/interval-censored-data.qmd,survival-analysis,3755,False
tutorials/survival-analysis/joint-longitudinal-survival.qmd,survival-analysis,3890,False
tutorials/survival-analysis/kaplan-meier.qmd,survival-analysis,4062,False
tutorials/survival-analysis/landmark-analysis.qmd,survival-analysis,3521,False
tutorials/survival-analysis/left-truncation.qmd,survival-analysis,3601,False
tutorials/survival-analysis/log-rank-test-details.qmd,survival-analysis,3525,False
tutorials/survival-analysis/multi-state-models.qmd,survival-analysis,3840,False
tutorials/survival-analysis/nelson-aalen-estimator.qmd,survival-analysis,3469,False
tutorials/survival-analysis/parametric-survival-lognormal.qmd,survival-analysis,3671,False
tutorials/survival-analysis/parametric-survival-weibull.qmd,survival-analysis,3594,False
tutorials/survival-analysis/recurrent-events.qmd,survival-analysis,3854,False
tutorials/survival-analysis/restricted-mean-survival-time.qmd,survival-analysis,3658,False
tutorials/survival-analysis/schoenfeld-residuals.qmd,survival-analysis,3411,False
tutorials/survival-analysis/stratified-cox.qmd,survival-analysis,3535,False
tutorials/survival-analysis/survival-simulation.qmd,survival-analysis,3658,False
tutorials/survival-analysis/time-dependent-roc.qmd,survival-analysis,3435,False
tutorials/survival-analysis/time-varying-covariates.qmd,survival-analysis,3890,False
tutorials/survival-analysis/weighted-log-rank.qmd,survival-analysis,3806,False
tutorials/time-series/acf-pacf-interpretation.qmd,time-series,3396,False
tutorials/time-series/adf-test.qmd,time-series,3332,False
tutorials/time-series/arima-models.qmd,time-series,3806,False
tutorials/time-series/bcp-bayesian-changepoint.qmd,time-series,3848,False
tutorials/time-series/changepoint-detection.qmd,time-series,3573,False
tutorials/time-series/diebold-mariano.qmd,time-series,3296,False
tutorials/time-series/differencing.qmd,time-series,3608,False
tutorials/time-series/ets-models.qmd,time-series,3430,False
tutorials/time-series/exponential-smoothing.qmd,time-series,3393,False
tutorials/time-series/forecast-accuracy-metrics.qmd,time-series,3720,False
tutorials/time-series/garch-volatility.qmd,time-series,3675,False
tutorials/time-series/granger-causality.qmd,time-series,3160,False
tutorials/time-series/holt-winters.qmd,time-series,3282,False
tutorials/time-series/kalman-filter.qmd,time-series,3935,False
tutorials/time-series/kpss-test.qmd,time-series,3596,False
tutorials/time-series/ljung-box.qmd,time-series,3057,False
tutorials/time-series/moving-averages.qmd,time-series,3590,False
tutorials/time-series/multivariate-var.qmd,time-series,3662,False
tutorials/time-series/phillips-perron.qmd,time-series,3304,False
tutorials/time-series/rolling-origin-cv.qmd,time-series,3317,False
tutorials/time-series/seasonal-arima.qmd,time-series,3331,False
tutorials/time-series/seasonal-decomposition-stl.qmd,time-series,3551,False
tutorials/time-series/spectral-analysis.qmd,time-series,3073,False
tutorials/time-series/state-space-models.qmd,time-series,3659,False
tutorials/time-series/stationarity-tests.qmd,time-series,3355,False
tutorials/time-series/time-series-introduction.qmd,time-series,3352,False
tutorials/time-series/vecm-cointegration.qmd,time-series,3357,False
tutorials/time-series/wavelet-analysis.qmd,time-series,3407,False
tutorials/time-series/white-noise-tests.qmd,time-series,3360,False
tutorials/time-series/x13-decomposition.qmd,time-series,3613,False
tutorials/visualisation/aesthetics-and-geoms.qmd,visualisation,3615,False
tutorials/visualisation/annotations-and-labels.qmd,visualisation,3450,False
tutorials/visualisation/bar-charts.qmd,visualisation,3208,False
tutorials/visualisation/bland-altman-plots.qmd,visualisation,3886,False
tutorials/visualisation/boxplots.qmd,visualisation,3522,False
tutorials/visualisation/bubble-plots.qmd,visualisation,3274,False
tutorials/visualisation/colour-blind-safe-plots.qmd,visualisation,3734,False
tutorials/visualisation/colour-palettes.qmd,visualisation,3384,False
tutorials/visualisation/contour-plots.qmd,visualisation,3532,False
tutorials/visualisation/correlation-heatmaps.qmd,visualisation,3621,False
tutorials/visualisation/density-plots.qmd,visualisation,3584,False
tutorials/visualisation/dot-plots.qmd,visualisation,3358,False
tutorials/visualisation/facets-and-panels.qmd,visualisation,3235,False
tutorials/visualisation/forest-plots-viz.qmd,visualisation,3496,False
tutorials/visualisation/funnel-plots-viz.qmd,visualisation,3747,False
tutorials/visualisation/ggplot-themes.qmd,visualisation,3395,False
tutorials/visualisation/ggsave-and-export.qmd,visualisation,3609,False
tutorials/visualisation/grammar-of-graphics.qmd,visualisation,3626,False
tutorials/visualisation/heatmaps.qmd,visualisation,3498,False
tutorials/visualisation/hexbin-plots.qmd,visualisation,3308,False
tutorials/visualisation/histograms.qmd,visualisation,3541,False
tutorials/visualisation/interactive-ggiraph.qmd,visualisation,3202,False
tutorials/visualisation/interactive-plotly.qmd,visualisation,2958,False
tutorials/visualisation/line-plots.qmd,visualisation,3439,False
tutorials/visualisation/pairs-plots.qmd,visualisation,3358,False
tutorials/visualisation/patchwork-composition.qmd,visualisation,3184,False
tutorials/visualisation/raincloud-plots.qmd,visualisation,3118,False
tutorials/visualisation/ridge-plots.qmd,visualisation,3256,False
tutorials/visualisation/roc-curves-plot.qmd,visualisation,3389,False
tutorials/visualisation/scales-and-coordinates.qmd,visualisation,3159,False
tutorials/visualisation/scatter-plots.qmd,visualisation,3403,False
tutorials/visualisation/stacked-dodged-bars.qmd,visualisation,3329,False
tutorials/visualisation/survival-curves-plot.qmd,visualisation,3598,False
tutorials/visualisation/time-series-plots.qmd,visualisation,3257,False
tutorials/visualisation/violin-plots.qmd,visualisation,3357,False
